{
    "3.3333333333333335": 1,
    "4.0": 2,
    "5.5": 3,
    "7.0": 4,
    "8.0": 5,
    "9.0": 6,
    "10.5": 7,
    "11.0": 8,
    "11.5": 9,
    "12.666666666666666": 10,
    "12.67": 11,
    "13.0": 12,
    "14.333333333333334": 13,
    "16.0": 14,
    "17.0": 15,
    "17.333333333333332": 16,
    "18.0": 17,
    "18.5": 18,
    "19.0": 19,
    "20.0": 20,
    "23.5": 21,
    "24.0": 22,
    "25.0": 23,
    "26.0": 24,
    "27.5": 25,
    "28.0": 26,
    "29.0": 27,
    "29.5": 28,
    "32.0": 29
}